tmin,tmax,mean temp,ppt,aet
21.530628204345703,30.484529495239258,26.007577896118164,258.936531876929,89.35578155517578
