tmin,tmax,mean temp,ppt,aet
20.385212898254395,31.407114028930664,25.896163940429688,165.72717610677086,84.50475311279297
